bee_id,date,bee_genus,bee_caste,site,site_type,concentration_lipid,concentration_protein,pl_ratio,sampling_period,,,,,,,,,,,,
BBPol_RR2_June,6/5/25,Bombus,Worker,RR2,Forest,47.615,330.87,6.948860653,June,,,,,,,,,,,,
BBPol_RS_June,6/9/25,Bombus,Worker,Rock Springs,Edge,43.288,336.3525,7.770109499,June,,,,,,,,,,,,
HBPol_RS_June,6/9/25,Apis,Worker,Rock Springs,Edge,49.867,291.435,5.844245694,June,,,,,,,,,,,,
BBPol_FB_June,6/10/25,Bombus,Worker,Fairbrook,Valley,51.59,262.94785,5.096876333,June,,,,,,,,,,,,
HBPol_FB_June,6/10/25,Apis,Worker,Fairbrook,Valley,70.332,241.815,3.438193141,June,,,,,,,,,,,,
BBPol_Colyer_June,6/11/25,Bombus,Worker,Colyer,Edge,48.575,287.53714,5.919447041,June,,,,,,,,,,,,
HBPol_Colyer_June,6/11/25,Apis,Worker,Colyer,Edge,24.679,240.3825,9.740366303,June,,,,,,,,,,,,
BBPol_Hyner_June,6/13/25,Bombus,Worker,Hyner,Forest,50.077,300.42,5.999161292,June,,,,,,,,,,,,
HBPol_Hyner_June,6/13/25,Apis,Worker,Hyner,Forest,64.18,304.0275,4.737106575,June,,,,,,,,,,,,
BBPol_Bernal_July,7/3/25,Bombus,Worker,Bernel,Valley,45.36,332.97,7.340608466,July,,,,,,,,,,,,
HBPol_Bernal_July,7/3/25,Apis,Worker,Bernel,Valley,63.639,234.07714,3.678202674,July,,,,,,,,,,,,
BBPol_Arb_July,7/8/25,Bombus,Worker,Arboretum,Valley,43.494,214.935,4.941716099,July,,,,,,,,,,,,
HBPol_Arb_July,7/10/25,Apis,Worker,Arboretum,Valley,46.123,253.2,5.489668929,July,,,,,,,,,,,,
BBPol_RR1_July,7/7/25,Bombus,Worker,RR1,Forest,44.993,256.98214,5.711602694,July,,,,,,,,,,,,
HBPol_RR1_July,7/7/25,Apis,Worker,RR1,Forest,37.456,210.765,5.627002349,July,,,,,,,,,,,,
BBPol_RR2_July,7/11/25,Bombus,Worker,RR2,Forest,47.197,286.605,6.072525796,July,,,,,,,,,,,,
HBPol_RR2_July,7/11/25,Apis,Worker,RR2,Forest,82.954,293.7525,3.541149312,July,,,,,,,,,,,,
BBPol_RS_July,7/2/25,Bombus,Worker,Rock Springs,Edge,51.069,253.909028,4.971881729,July,,,,,,,,,,,,
HBPol_RS_July,7/2/25,Apis,Worker,Rock Springs,Edge,56.61,275.90142,4.873722311,July,,,,,,,,,,,,
BBPol_FB_July,7/2/25,Bombus,Worker,Fairbrook,Valley,66.771,259.2825,3.883160354,July,,,,,,,,,,,,
HBPol_FB_July,7/2/25,Apis,Worker,Fairbrook,Valley,41.132,183.61285,4.463990324,July,,,,,,,,,,,,
BBPol_Colyer_July,7/15/25,Bombus,Worker,Colyer,Edge,62.831,257.5125,4.098494374,July,,,,,,,,,,,,
HBPol_Colyer_July,7/15/25,Apis,Worker,Colyer,Edge,63.782,284.3807,4.458635665,July,,,,,,,,,,,,
BBPol_Scotia_July,7/10/25,Bombus,Worker,Scotia,Edge,52.529,283.22357,5.391756363,July,,,,,,,,,,,,
HBPol_Scotia_July,7/10/25,Apis,Worker,Scotia,Edge,28.592,288.42,10.08743705,July,,,,,,,,,,,,
BBPol_Hyner_July,7/9/25,Bombus,Worker,Hyner,Forest,75.353,362.01,4.804188287,July,,,,,,,,,,,,
HBPol_Hyner_July,7/9/25,Apis,Worker,Hyner,Forest,74.61,367.665,4.927824688,July,,,,,,,,,,,,
BBPol_Bernal_Early_August,8/4/25,Bombus,Worker,Bernel,Valley,69.171,330.39,4.776423646,Early_August,,,,,,,,,,,,
HBPol_Bernal_Early_August,8/4/25,Apis,Worker,Bernel,Valley,41.522,192.30428,4.631382881,Early_August,,,,,,,,,,,,
BBPol_Arb_Early_August,8/7/25,Bombus,Worker,Arboretum,Valley,58.106,253.26,4.358586032,Early_August,,,,,,,,,,,,
HBPol_Arb_Early_August,8/7/25,Apis,Worker,Arboretum,Valley,51.38,207.08357,4.030431491,Early_August,,,,,,,,,,,,
BBPol_RS_Early_August,8/5/25,Bombus,Worker,Rock Springs,Edge,40.629,289.33714,7.121443796,Early_August,,,,,,,,,,,,
HBPol_RS_Early_August,8/5/25,Apis,Worker,Rock Springs,Edge,44.539,245.5425,5.512977391,Early_August,,,,,,,,,,,,
BBPol_FB_Early_August,8/8/25,Bombus,Worker,Fairbrook,Valley,55.299,232.14857,4.198060905,Early_August,,,,,,,,,,,,
HBPol_FB_Early_August,8/8/25,Apis,Worker,Fairbrook,Valley,57.885,214.6725,3.708603265,Early_August,,,,,,,,,,,,
BBPol_Colyer_Early_August,8/6/25,Bombus,Worker,Colyer,Edge,65.757,252.84,3.845065925,Early_August,,,,,,,,,,,,
HBPol_Colyer_Early_August,8/6/25,Apis,Worker,Colyer,Edge,48.569,226.11214,4.655482715,Early_August,,,,,,,,,,,,
BBPol_Scotia_Early_August,8/11/25,Bombus,Worker,Scotia,Edge,47.222,317.715,6.728114015,Early_August,,,,,,,,,,,,
HBPol_Scotia_Early_August,8/11/25,Apis,Worker,Scotia,Edge,34.671,235.3425,6.787877477,Early_August,,,,,,,,,,,,
BBPol_Hyner_Early_August,8/14/25,Bombus,Worker,Hyner,Forest,41.947,283.0725,6.748337187,Early_August,,,,,,,,,,,,
HBPol_Hyner_Early_August,8/14/25,Apis,Worker,Hyner,Forest,66.637,227.6935,3.416923031,Early_August,,,,,,,,,,,,
BBPol_Arb_Late_August,8/28/25,Bombus,Worker,Arboretum,Valley,46.638,177.9878,3.816368626,Late_August,,,,,,,,,,,,
HBPol_Arb_Late_August,8/28/25,Apis,Worker,Arboretum,Valley,57.438,184.3457,3.209472823,Late_August,,,,,,,,,,,,
BBPol_Colyer_Late_August,8/29/25,Bombus,Worker,Colyer,Edge,68.603,192.9985,2.813266184,Late_August,,,,,,,,,,,,
HBPol_Colyer_Late_August,8/29/25,Apis,Worker,Colyer,Edge,73.169,196.34785,2.683484126,Late_August,,,,,,,,,,,,
BBPol_Hyner_Late_August,9/3/25,Bombus,Worker,Hyner ,Forest,57.666,213.1907,3.696991295,Late_August,,,,,,,,,,,,
HBPol_Hyner_Late_August,9/3/25,Apis,Worker,Hyner,Forest,69.882,120.59357,1.725674279,Late_August,,,,,,,,,,,,
HBPol_RR2_June,6/18/25,Apis,Worker,RR2,Forest,60.379,269.52428,4.463874526,June,,,,,,,,,,,,